-- phpMyAdmin SQL Dump
-- version 4.2.7.1
-- http://www.phpmyadmin.net
--
-- Host: 127.0.0.1
-- Generation Time: Jul 08, 2015 at 03:30 PM
-- Server version: 5.6.20
-- PHP Version: 5.5.15

SET SQL_MODE = "NO_AUTO_VALUE_ON_ZERO";
SET time_zone = "+00:00";

--
-- Database: `wiki`
--

--
-- Dumping data for table `log`
--

INSERT INTO `log` (`log_id`, `object_table`, `object_id`, `user_id`, `type`, `timestamp`) VALUES
(3, 'page', 1, 1, 'MODIFY', '2015-07-08 10:51:20'),
(4, 'version', 5, 1, 'CREATE', '2015-07-08 10:51:20'),
(5, 'page', 1, 1, 'MODIFY', '2015-07-08 10:51:31'),
(6, 'version', 6, 1, 'CREATE', '2015-07-08 10:51:31'),
(7, 'page', 1, 1, 'MODIFY', '2015-07-08 10:54:06'),
(8, 'version', 7, 1, 'CREATE', '2015-07-08 10:54:06'),
(9, 'page', 1, 1, 'MODIFY', '2015-07-08 10:57:51'),
(10, 'version', 8, 1, 'CREATE', '2015-07-08 10:57:51'),
(11, 'page', 1, 1, 'MODIFY', '2015-07-08 11:07:33'),
(12, 'version', 9, 1, 'CREATE', '2015-07-08 11:07:33'),
(13, 'page', 3, 1, 'CREATE', '2015-07-08 11:09:59'),
(14, 'version', 11, 1, 'CREATE', '2015-07-08 11:09:59'),
(15, 'page', 4, 1, 'CREATE', '2015-07-08 11:10:33'),
(16, 'version', 12, 1, 'CREATE', '2015-07-08 11:10:33'),
(17, 'page', 5, 1, 'CREATE', '2015-07-08 11:11:50'),
(18, 'version', 13, 1, 'CREATE', '2015-07-08 11:11:50'),
(19, 'page', 6, 1, 'CREATE', '2015-07-08 11:15:47'),
(20, 'version', 14, 1, 'CREATE', '2015-07-08 11:15:47'),
(21, 'page', 7, 1, 'CREATE', '2015-07-08 11:22:37'),
(22, 'version', 15, 1, 'CREATE', '2015-07-08 11:22:37'),
(23, 'page', 8, 1, 'CREATE', '2015-07-08 11:23:08'),
(24, 'version', 16, 1, 'CREATE', '2015-07-08 11:23:08'),
(25, 'page', 1, 1, 'MODIFY', '2015-07-08 11:57:54'),
(26, 'version', 17, 1, 'CREATE', '2015-07-08 11:57:54'),
(27, 'page', 1, 1, 'MODIFY', '2015-07-08 11:59:34'),
(28, 'version', 18, 1, 'CREATE', '2015-07-08 11:59:34'),
(29, 'page', 1, 1, 'MODIFY', '2015-07-08 12:04:38'),
(30, 'version', 19, 1, 'CREATE', '2015-07-08 12:04:38'),
(31, 'page', 9, 1, 'CREATE', '2015-07-08 12:21:28'),
(32, 'version', 20, 1, 'CREATE', '2015-07-08 12:21:28'),
(33, 'page', 9, 1, 'MODIFY', '2015-07-08 13:05:49'),
(34, 'version', 21, 1, 'CREATE', '2015-07-08 13:05:49'),
(35, 'page', 9, 1, 'MODIFY', '2015-07-08 13:05:57'),
(36, 'version', 22, 1, 'CREATE', '2015-07-08 13:05:57'),
(37, 'page', 9, 1, 'MODIFY', '2015-07-08 13:06:21'),
(38, 'version', 23, 1, 'CREATE', '2015-07-08 13:06:21'),
(39, 'page', 9, 1, 'MODIFY', '2015-07-08 13:15:06'),
(40, 'version', 24, 1, 'CREATE', '2015-07-08 13:15:06'),
(41, 'page', 9, 1, 'MODIFY', '2015-07-08 13:18:39'),
(42, 'version', 25, 1, 'CREATE', '2015-07-08 13:18:39'),
(43, 'page', 9, 1, 'MODIFY', '2015-07-08 13:19:52'),
(44, 'version', 26, 1, 'CREATE', '2015-07-08 13:19:52'),
(45, 'page', 9, 1, 'MODIFY', '2015-07-08 13:20:48'),
(46, 'version', 27, 1, 'CREATE', '2015-07-08 13:20:48'),
(47, 'page', 9, 1, 'MODIFY', '2015-07-08 13:23:27'),
(48, 'version', 28, 1, 'CREATE', '2015-07-08 13:23:27'),
(49, 'page', 9, 1, 'MODIFY', '2015-07-08 13:28:13'),
(50, 'version', 29, 1, 'CREATE', '2015-07-08 13:28:13'),
(51, 'page', 9, 1, 'MODIFY', '2015-07-08 13:32:36'),
(52, 'version', 30, 1, 'CREATE', '2015-07-08 13:32:36'),
(53, 'page', 9, 1, 'MODIFY', '2015-07-08 13:42:02'),
(54, 'version', 31, 1, 'CREATE', '2015-07-08 13:42:02'),
(55, 'page', 1, 1, 'MODIFY', '2015-07-08 13:52:28'),
(56, 'version', 32, 1, 'CREATE', '2015-07-08 13:52:28'),
(57, 'page', 10, 1, 'CREATE', '2015-07-08 13:53:08'),
(58, 'version', 33, 1, 'CREATE', '2015-07-08 13:53:08'),
(59, 'page', 11, 1, 'CREATE', '2015-07-08 13:53:24'),
(60, 'version', 34, 1, 'CREATE', '2015-07-08 13:53:24'),
(61, 'page', 1, 1, 'MODIFY', '2015-07-08 13:57:24'),
(62, 'version', 35, 1, 'CREATE', '2015-07-08 13:57:24'),
(63, 'page', 12, 1, 'CREATE', '2015-07-08 14:07:55'),
(64, 'version', 36, 1, 'CREATE', '2015-07-08 14:07:55'),
(65, 'page', 1, 1, 'MODIFY', '2015-07-08 14:17:31'),
(66, 'version', 37, 1, 'CREATE', '2015-07-08 14:17:31'),
(67, 'page', 1, 1, 'MODIFY', '2015-07-08 14:41:14'),
(68, 'version', 38, 1, 'CREATE', '2015-07-08 14:41:14'),
(69, 'page', 13, 1, 'CREATE', '2015-07-08 14:46:04'),
(70, 'version', 39, 1, 'CREATE', '2015-07-08 14:46:04'),
(71, 'page', 13, 1, 'MODIFY', '2015-07-08 14:48:01'),
(72, 'version', 40, 1, 'CREATE', '2015-07-08 14:48:01'),
(73, 'page', 13, 1, 'MODIFY', '2015-07-08 14:48:54'),
(74, 'version', 41, 1, 'CREATE', '2015-07-08 14:48:54'),
(75, 'page', 13, 1, 'MODIFY', '2015-07-08 14:50:28'),
(76, 'version', 42, 1, 'CREATE', '2015-07-08 14:50:28'),
(77, 'page', 13, 1, 'MODIFY', '2015-07-08 14:53:04'),
(78, 'version', 43, 1, 'CREATE', '2015-07-08 14:53:04'),
(79, 'page', 13, 1, 'MODIFY', '2015-07-08 14:55:26'),
(80, 'version', 44, 1, 'CREATE', '2015-07-08 14:55:26'),
(81, 'page', 13, 1, 'MODIFY', '2015-07-08 14:58:01'),
(82, 'version', 45, 1, 'CREATE', '2015-07-08 14:58:01'),
(83, 'page', 13, 1, 'MODIFY', '2015-07-08 15:01:26'),
(84, 'version', 46, 1, 'CREATE', '2015-07-08 15:01:26'),
(85, 'page', 13, 1, 'MODIFY', '2015-07-08 15:01:57'),
(86, 'version', 47, 1, 'CREATE', '2015-07-08 15:01:57'),
(87, 'page', 13, 1, 'MODIFY', '2015-07-08 15:07:59'),
(88, 'version', 48, 1, 'CREATE', '2015-07-08 15:07:59'),
(89, 'page', 13, 1, 'MODIFY', '2015-07-08 15:08:54'),
(90, 'version', 49, 1, 'CREATE', '2015-07-08 15:08:54'),
(91, 'page', 13, 1, 'MODIFY', '2015-07-08 15:09:52'),
(92, 'version', 50, 1, 'CREATE', '2015-07-08 15:09:52'),
(93, 'page', 13, 1, 'MODIFY', '2015-07-08 15:10:15'),
(94, 'version', 51, 1, 'CREATE', '2015-07-08 15:10:15'),
(95, 'page', 13, 1, 'MODIFY', '2015-07-08 15:13:20'),
(96, 'version', 52, 1, 'CREATE', '2015-07-08 15:13:20'),
(97, 'page', 13, 1, 'MODIFY', '2015-07-08 15:13:50'),
(98, 'version', 53, 1, 'CREATE', '2015-07-08 15:13:50'),
(99, 'page', 13, 1, 'MODIFY', '2015-07-08 15:16:55'),
(100, 'version', 54, 1, 'CREATE', '2015-07-08 15:16:55'),
(101, 'page', 13, 1, 'MODIFY', '2015-07-08 15:17:19'),
(102, 'version', 55, 1, 'CREATE', '2015-07-08 15:17:19'),
(103, 'page', 13, 1, 'MODIFY', '2015-07-08 15:18:56'),
(104, 'version', 56, 1, 'CREATE', '2015-07-08 15:18:56');

--
-- Dumping data for table `page`
--

INSERT INTO `page` (`page_id`, `status`, `name`, `title`, `content`, `owner_id`, `visibility`) VALUES
(1, 100, 'Homepage', 'Homepage;lk;lkl;k', 'This is the content of the homepage.\n\n* This is a list\n  * Sub item\n* More\n\n*lol* **omg**  \nline break no line break  \nline break\n\n<Wiki:Link page="A private page"/>', 1, 'PUBLIC'),
(3, 100, 'iuhjkhjk', 'iuhjkhjk', 'hjkh9h8', 1, 'PUBLIC'),
(4, 100, 'lkjklj', 'lkjklj', 'kljkljkl', 1, 'PUBLIC'),
(5, 100, 'Anewpage', 'A new page', 'Test\n\nTest  \nTest', 1, 'PUBLIC'),
(6, 100, 'Anothernewpage', 'Another new page', 'lkjlkj', 1, 'PUBLIC'),
(7, 100, 'Homepage-1', 'Homepage', 'lol', 1, 'PUBLIC'),
(8, 100, 'Homepage-2', 'Homepage', 'lol', 1, 'PUBLIC'),
(9, 100, 'Sandbox', 'Sandbox', 'This page is intended to try out stuff with the Wiki markup system.\n\n<Wiki:Panel>Just a basic panel</Wiki:Panel>\n<Wiki:Panel title="Just a basic panel">with a title</Wiki:Panel>\n<Wiki:Panel theme="primary">Basic panel with a theme</Wiki:Panel>\n<Wiki:Panel theme="primary" title="Basic panel with a theme">and a title</Wiki:Panel>\n\n<Wiki:Alert theme="danger">Alert</Wiki:Alert>\n<Wiki:Alert theme="success">Alert</Wiki:Alert>\n\n<Wiki:Label theme="warning">A label with icon <Wiki:Icon name="plus"/></Wiki:Label>\n\n<Wiki:Link page="Homepage"/> <Wiki:Link page="Homepage">Alternative title</Wiki:Link>\n\n<%\n  echo "This is the output of a script";\n%>', 1, 'PUBLIC'),
(10, 100, 'Aprivatepage', 'A private page', 'This is a private page\n\n<Wiki:Link page="A protected page"/>', 1, 'PRIVATE'),
(11, 100, 'Aprotectedpage', 'A protected page', 'A protected page\n', 1, 'PROTECTED'),
(12, 100, 'This_is_a_test', 'This is a test', 'lkjkljklj', 1, 'PUBLIC'),
(13, 100, 'Editing_help', 'Editing help', 'You can use the following markup to enhance the look and functionality of pages:\n				\n## Links\n\n<Wiki:NoParse>\nTo create a link to another wiki page, simply use `<Wiki:Link page="Name_of_the_target_page"/>`. To change the text of the link, use `<Wiki:Link page="Name_of_the_target_page">Alternative Text</Wiki:Link>`.\n</Wiki:NoParse>\n\n## Formatting\n\nMost formatting can be done using either Markdown or pure HTML:\n\n### Headlines\n\nUse `#` to create headlines - the more `#` the smaller the text:\n\n```\n# One for a level 1 headline\n## Two for a level 2 headline\n### Three for a level 3 headline\n#### Three for a level 4 headline\n##### Three for a level 5 headline\n###### Three for a level 6 headline\n```\n\n### Italic text\n\nUse `*` to create italics:\n\n`This text has *italics*.`  \nThis text has *italics*.\n\n### Bold text\n\nUse `**` to create bold text:\n\n`This text has **bold letters.**`  \nThis text has **bold letters.**\n\n### Line breaks\n\nA blank line automatically creates a new paragraph. To add a manual linebreak within a paragraph, add two spaces (`  `) at the end of a line and continue writing at the next line:\n\n```\nThis is the first paragraph.\n\nThis is the second paragraph.\nThis still belongs to the second paragraph and will be on the same line.\n\nThis is the third paragraph, and there are two spaces right here:  \nThis still belongs to the third paragraph and will be on a new line.\n```\n\nThis is the first paragraph.\n\nThis is the second paragraph.\nThis still belongs to the second paragraph and will be on the same line.\n\nThis is the third paragraph, and there are two spaces right here:  \nThis still belongs to the third paragraph and will be on a new line.\n\n### Deactivate page renderer\n\nYou can temporarily deactivate the page renderer with <Wiki:NoParse>`<Wiki:NoParse>Text that will not be touched</Wiki;NoParse>`</Wiki:NoParse>. However, this only deactivates the page renderer, not the Markdown converter.\n\n## Bootstrap components\n\nThe following options use components of the Twitter Bootstrap framework.\n\n### Icons\n\n<Wiki:NoParse>`<Wiki:Icon name="plus"/>`</Wiki:NoParse>\n<Wiki:Label theme="default"><Wiki:Icon name="plus"/> A plus icon on a label</Wiki:Label>\n\n### Panels\n\n## Presentation mode\n				\nIn **presentation mode** the focus is all on the content of your page. You can disable the navigation bar with <Wiki:NoParse>`<Wiki:NoNavbar/>`</Wiki:NoParse> and the headline (plus the separator below) with <Wiki:NoParse>`<Wiki:NoHeadline/>`</Wiki:NoParse>.\n\n<Wiki:Panel theme="warning" title="Tip">Deactivating the navigation bar also removes the link to the page editor. To edit a page you need to append `#Edit` to the URL in the address bar: `http://wiki.domain.com/My_Page.html#Edit`.</Wiki:Panel>\n\n## Scripting\n\nIt is also possible to use PHP code inside a page. Simply wrap your script inside `<?php` (`<?` does not work here!) and `?>`.\n\n<Wiki:Panel theme="danger" title="Warning">If a single script block is found inside a page the renderer will remodel the whole page to be wrapped as a script. This means that the code you see in the composer is not necessarily the same code that will be executed!</Wiki:Panel>\n\nFor example, the following script:\n\n<Wiki:NoParse>\n```\nThis is a page with a "script" inside. <?php $text = "Hello world!"; ?> Regular text continues here. <?php echo $text; %>\n```\n</Wiki:NoParse>\n\nwill be converted to:\n\n<Wiki:NoParse>\n```\n<?php echo "This is a page with a \\"script\\" inside."; $text = "Hello world!"; echo "Regular text continues here."; echo $text; ?>\n```\n</Wiki:NoParse>\n\nThis does not change the output of the content - both scripts print `This is a page with a "script" inside. Regular text continues here. Hello world!`.', 1, 'PUBLIC');

--
-- Dumping data for table `user`
--

INSERT INTO `user` (`user_id`, `status`, `loginname`, `password`) VALUES
(1, 100, 'dominikj', '0c192c7a4371ea828350aab4a6a92508');

--
-- Dumping data for table `version`
--

INSERT INTO `version` (`version_id`, `status`, `page_id`, `title`, `content`, `summary`, `minor_edit`) VALUES
(5, 100, 1, 'Homepage test lkjkljklj', 'This is the content of the homepage kjhjkhkjh', '', b'0'),
(6, 100, 1, 'Homepage', 'This is the content of the homepage.', 'kljkljklj', b'0'),
(7, 100, 1, 'Homepage', 'This is the content of the homepage.\n\n* This is a list\n  * Sub item\n* More\n\n*lol* **omg** \nline break no line break \nline break', 'kljkljklj', b'0'),
(8, 100, 1, 'Homepage', 'This is the content of the homepage.\n\n* This is a list\n  * Sub item\n* More\n\n*lol* **omg**  \nline break no line break  \nline break', '', b'0'),
(9, 100, 1, 'Homepage;lk;lkl;k', 'This is the content of the homepage.\n\n* This is a list\n  * Sub item\n* More\n\n*lol* **omg**  \nline break no line break  \nline break', '', b'0'),
(11, 100, 3, 'iuhjkhjk', 'hjkh9h8', '98hy98h89h', b'0'),
(12, 100, 4, 'lkjklj', 'kljkljkl', 'jkljkljklj', b'0'),
(13, 100, 5, 'A new page', 'Test\n\nTest  \nTest', 'Nothing', b'0'),
(14, 100, 6, 'Another new page', 'lkjlkj', 'kljkljklj', b'0'),
(15, 100, 7, 'Homepage', 'lol', 'yesy', b'0'),
(16, 100, 8, 'Homepage', 'lol', 'yesy', b'0'),
(17, 100, 1, 'Homepage;lk;lkl;k', 'This is the content of the homepage.\n\n* This is a list\n  * Sub item\n* More\n\n*lol* **omg**  \nline break no line break  \nline break', '', b'0'),
(18, 100, 1, 'Homepage;lk;lkl;k', 'This is the content of the homepage.\n\n* This is a list\n  * Sub item\n* More\n\n*lol* **omg**  \nline break no line break  \nline break', '', b'0'),
(19, 100, 1, 'Homepage;lk;lkl;k', 'This is the content of the homepage.\n\n* This is a list\n  * Sub item\n* More\n\n*lol* **omg**  \nline break no line break  \nline break', '', b'1'),
(20, 100, 9, 'Sandbox', 'This page is intended to try out stuff with the Wiki markup system.\n\n<Wiki:Icon name="grain"/>', 'Created page', b'0'),
(21, 100, 9, 'Sandbox', 'This page is intended to try out stuff with the Wiki markup system.\n\n<Wiki:Icon name="grain"/>\n\n<Wiki:Panel>Just a basic panel</Wiki:Panel>\n<Wiki:Panel title="Just a basic panel">with a title</Wiki:Panel>', '', b'0'),
(22, 100, 9, 'Sandbox', 'This page is intended to try out stuff with the Wiki markup system.\n\n<Wiki:Icon name="grain"/>\n\n<Wiki:Panel>Just a basic panel</Wiki:Panel>\n<Wiki:Panel title="Just a basic panel">with a title</Wiki:Panel>', '', b'0'),
(23, 100, 9, 'Sandbox', 'This page is intended to try out stuff with the Wiki markup system.\n\n<Wiki:Icon name="grain"/>\n\n<Wiki:Panel>Just a basic panel</Wiki:Panel>\n<Wiki:Panel title="Just a basic panel">with a title</Wiki:Panel>', '', b'0'),
(24, 100, 9, 'Sandbox', 'This page is intended to try out stuff with the Wiki markup system.\n\n<Wiki:Icon name="grain"/>\n\n<Wiki:Panel>Just a basic panel</Wiki:Panel>\n<Wiki:Panel title="Just a basic panel">with a title</Wiki:Panel>\n<Wiki:Panel theme="primary">Basic panel with a theme</Wiki:Panel>\n<Wiki:Panel theme="primary" title="Basic panel with a theme">and a title</Wiki:Panel>', '', b'0'),
(25, 100, 9, 'Sandbox', 'This page is intended to try out stuff with the Wiki markup system.\n\n<Wiki:Icon name="grain"/>\n\n<Wiki:Panel>Just a basic panel</Wiki:Panel>\n<Wiki:Panel title="Just a basic panel">with a title</Wiki:Panel>\n<Wiki:Panel theme="primary">Basic panel with a theme</Wiki:Panel>\n<Wiki:Panel theme="primary" title="Basic panel with a theme">and a title</Wiki:Panel>\n\n<Wiki:Alert theme="danger">Alert</Wiki:Alert>\n<Wiki:Alert theme="success">Alert</Wiki:Alert>', '', b'0'),
(26, 100, 9, 'Sandbox', 'This page is intended to try out stuff with the Wiki markup system.\n\n<Wiki:Panel>Just a basic panel</Wiki:Panel>\n<Wiki:Panel title="Just a basic panel">with a title</Wiki:Panel>\n<Wiki:Panel theme="primary">Basic panel with a theme</Wiki:Panel>\n<Wiki:Panel theme="primary" title="Basic panel with a theme">and a title</Wiki:Panel>\n\n<Wiki:Alert theme="danger">Alert</Wiki:Alert>\n<Wiki:Alert theme="success">Alert</Wiki:Alert>\n\n<Wiki:Label>A label with icon <Wiki:Icon name="grain"/></Wiki:Label>', '', b'0'),
(27, 100, 9, 'Sandbox', 'This page is intended to try out stuff with the Wiki markup system.\n\n<Wiki:Panel>Just a basic panel</Wiki:Panel>\n<Wiki:Panel title="Just a basic panel">with a title</Wiki:Panel>\n<Wiki:Panel theme="primary">Basic panel with a theme</Wiki:Panel>\n<Wiki:Panel theme="primary" title="Basic panel with a theme">and a title</Wiki:Panel>\n\n<Wiki:Alert theme="danger">Alert</Wiki:Alert>\n<Wiki:Alert theme="success">Alert</Wiki:Alert>\n\n<Wiki:Label>A label with icon <Wiki:Icon name="plus"/></Wiki:Label>', '', b'0'),
(28, 100, 9, 'Sandbox', 'This page is intended to try out stuff with the Wiki markup system.\n\n<Wiki:Panel>Just a basic panel</Wiki:Panel>\n<Wiki:Panel title="Just a basic panel">with a title</Wiki:Panel>\n<Wiki:Panel theme="primary">Basic panel with a theme</Wiki:Panel>\n<Wiki:Panel theme="primary" title="Basic panel with a theme">and a title</Wiki:Panel>\n\n<Wiki:Alert theme="danger">Alert</Wiki:Alert>\n<Wiki:Alert theme="success">Alert</Wiki:Alert>\n\n<Wiki:Label theme="warning">A label with icon <Wiki:Icon name="plus"/></Wiki:Label>', '', b'0'),
(29, 100, 9, 'Sandbox', 'This page is intended to try out stuff with the Wiki markup system.\n\n<Wiki:Panel>Just a basic panel</Wiki:Panel>\n<Wiki:Panel title="Just a basic panel">with a title</Wiki:Panel>\n<Wiki:Panel theme="primary">Basic panel with a theme</Wiki:Panel>\n<Wiki:Panel theme="primary" title="Basic panel with a theme">and a title</Wiki:Panel>\n\n<Wiki:Alert theme="danger">Alert</Wiki:Alert>\n<Wiki:Alert theme="success">Alert</Wiki:Alert>\n\n<Wiki:Label theme="warning">A label with icon <Wiki:Icon name="plus"/></Wiki:Label>\n\n<Wiki:Link page="Homepage"/>', '', b'0'),
(30, 100, 9, 'Sandbox', 'This page is intended to try out stuff with the Wiki markup system.\n\n<Wiki:Panel>Just a basic panel</Wiki:Panel>\n<Wiki:Panel title="Just a basic panel">with a title</Wiki:Panel>\n<Wiki:Panel theme="primary">Basic panel with a theme</Wiki:Panel>\n<Wiki:Panel theme="primary" title="Basic panel with a theme">and a title</Wiki:Panel>\n\n<Wiki:Alert theme="danger">Alert</Wiki:Alert>\n<Wiki:Alert theme="success">Alert</Wiki:Alert>\n\n<Wiki:Label theme="warning">A label with icon <Wiki:Icon name="plus"/></Wiki:Label>\n\n<Wiki:Link page="Homepage"/> <Wiki:Link page="Homepage">Alternative title</Wiki:Link>', '', b'0'),
(31, 100, 9, 'Sandbox', 'This page is intended to try out stuff with the Wiki markup system.\n\n<Wiki:Panel>Just a basic panel</Wiki:Panel>\n<Wiki:Panel title="Just a basic panel">with a title</Wiki:Panel>\n<Wiki:Panel theme="primary">Basic panel with a theme</Wiki:Panel>\n<Wiki:Panel theme="primary" title="Basic panel with a theme">and a title</Wiki:Panel>\n\n<Wiki:Alert theme="danger">Alert</Wiki:Alert>\n<Wiki:Alert theme="success">Alert</Wiki:Alert>\n\n<Wiki:Label theme="warning">A label with icon <Wiki:Icon name="plus"/></Wiki:Label>\n\n<Wiki:Link page="Homepage"/> <Wiki:Link page="Homepage">Alternative title</Wiki:Link>\n\n<%\n  echo "This is the output of a script";\n%>', '', b'0'),
(32, 100, 1, 'Homepage;lk;lkl;k', 'This is the content of the homepage.\n\n* This is a list\n  * Sub item\n* More\n\n*lol* **omg**  \nline break no line break  \nline break\n\n<Wiki:Link page="A private page"/>', '', b'0'),
(33, 100, 10, 'A private page', 'This is a private page\n\n<Wiki:Link page="A protected page"/>', 'Created page', b'0'),
(34, 100, 11, 'A protected page', 'A protected page\n', 'Created page', b'0'),
(35, 100, 1, 'Homepage;lk;lkl;k', 'This is the content of the homepage.\n\n* This is a list\n  * Sub item\n* More\n\n*lol* **omg**  \nline break no line break  \nline break\n\n<Wiki:Link page="A private page"/>', '', b'0'),
(36, 100, 12, 'This is a test', 'lkjkljklj', 'Created page', b'0'),
(37, 100, 1, 'Homepage;lk;lkl;k', 'This is the content of the homepage.\n\n* This is a list\n  * Sub item\n* More\n\n*lol* **omg**  \nline break no line break  \nline break\n\n<Wiki:Link page="A private page"/>\n\n<Wiki:NoHeadline/>\n<Wiki:NoNavbar/>', '', b'0'),
(38, 100, 1, 'Homepage;lk;lkl;k', 'This is the content of the homepage.\n\n* This is a list\n  * Sub item\n* More\n\n*lol* **omg**  \nline break no line break  \nline break\n\n<Wiki:Link page="A private page"/>', '', b'0'),
(39, 100, 13, 'Editing help', 'You can use the following markup to enhance the look and functionality of pages:\n				\n## Links\n\n## Presentation mode\n				\nIn **presentation mode** the focus is all on the content of your page. You can disable the navigation bar with `&lt;Wiki:NoNavbar/&gt;` and the headline (plus the separator below) with `&lt;Wiki:NoHeadline&gt;`.', 'Created page', b'0'),
(40, 100, 13, 'Editing help', 'You can use the following markup to enhance the look and functionality of pages:\n				\n## Links\n\n## Presentation mode\n				\nIn **presentation mode** the focus is all on the content of your page. You can disable the navigation bar with `<Wiki:NoNavbar/>` and the headline (plus the separator below) with `<Wiki:NoHeadline>`.\n\n<Wiki:Panel theme="warning" title="Tip">Deactivating the navigation bar also removes the link to the page editor. To edit a page you need to append `#Edit` to the URL in the address bar: `http://wiki.domain.com/My_Page.html**#Edit**`.</Wiki:Panel>', '', b'0'),
(41, 100, 13, 'Editing help', 'You can use the following markup to enhance the look and functionality of pages:\n				\n## Links\n\n## Presentation mode\n				\nIn **presentation mode** the focus is all on the content of your page. You can disable the navigation bar with `<Wiki:NoParse><Wiki:NoNavbar/></Wiki:NoParse>` and the headline (plus the separator below) with `<Wiki:NoParse><Wiki:NoHeadline></Wiki:NoParse>`.\n\n<Wiki:Panel theme="warning" title="Tip">Deactivating the navigation bar also removes the link to the page editor. To edit a page you need to append `#Edit` to the URL in the address bar: `http://wiki.domain.com/My_Page.html**#Edit**`.</Wiki:Panel>', '', b'0'),
(42, 100, 13, 'Editing help', '<Wiki:NoParse>\n\nYou can use the following markup to enhance the look and functionality of pages:\n				\n## Links\n\nTo create a link to another wiki page, simply use `<Wiki:Link page="Name_of_the_target_page"/>`. To change the text of the link, use `<Wiki:Link page="Name_of_the_target_page">Alternative Text</Wiki:Link>`.\n\n## Presentation mode\n				\nIn **presentation mode** the focus is all on the content of your page. You can disable the navigation bar with `<Wiki:NoNavbar/>` and the headline (plus the separator below) with `<Wiki:NoHeadline>`.\n\n</Wiki:NoParse>\n\n<Wiki:Panel theme="warning" title="Tip">Deactivating the navigation bar also removes the link to the page editor. To edit a page you need to append `#Edit` to the URL in the address bar: `http://wiki.domain.com/My_Page.html**#Edit**`.</Wiki:Panel>', '', b'0'),
(43, 100, 13, 'Editing help', '<Wiki:NoParse>\n\nYou can use the following markup to enhance the look and functionality of pages:\n				\n## Links\n\nTo create a link to another wiki page, simply use `<Wiki:Link page="Name_of_the_target_page"/>`. To change the text of the link, use `<Wiki:Link page="Name_of_the_target_page">Alternative Text</Wiki:Link>`.\n\n## Formatting\n\nUse `#` to create headlines:\n\n# One for a level 1 headline (`#`)\n## Two for a level 2 headline (`##`)\n### Three for a level 3 headline (`###`)\n\n## Presentation mode\n				\nIn **presentation mode** the focus is all on the content of your page. You can disable the navigation bar with `<Wiki:NoNavbar/>` and the headline (plus the separator below) with `<Wiki:NoHeadline>`.\n\n</Wiki:NoParse>\n\n<Wiki:Panel theme="warning" title="Tip">Deactivating the navigation bar also removes the link to the page editor. To edit a page you need to append `#Edit` to the URL in the address bar: `http://wiki.domain.com/My_Page.html**#Edit** `.</Wiki:Panel>', '', b'0'),
(44, 100, 13, 'Editing help', '<Wiki:NoParse>\n\nYou can use the following markup to enhance the look and functionality of pages:\n				\n## Links\n\nTo create a link to another wiki page, simply use `<Wiki:Link page="Name_of_the_target_page"/>`. To change the text of the link, use `<Wiki:Link page="Name_of_the_target_page">Alternative Text</Wiki:Link>`.\n\n## Formatting\n\n### Headlines\n\nUse `#` to create headlines - the more `#` the smaller the text:\n\n```\n# One for a level 1 headline\n## Two for a level 2 headline\n### Three for a level 3 headline\n#### Three for a level 4 headline\n##### Three for a level 5 headline\n###### Three for a level 6 headline\n```\n\n### Italic text\n\nUse `*` to create italics:\n\n`This text has *italics*.`\nThis text has *italics*.\n\n### Bold text\n\nUse `**` to create bold text:\n\n`This text has **bold letters.**`\nThis text has **bold letters.**\n\n## Presentation mode\n				\nIn **presentation mode** the focus is all on the content of your page. You can disable the navigation bar with `<Wiki:NoNavbar/>` and the headline (plus the separator below) with `<Wiki:NoHeadline>`.\n\n</Wiki:NoParse>\n\n<Wiki:Panel theme="warning" title="Tip">Deactivating the navigation bar also removes the link to the page editor. To edit a page you need to append `#Edit` to the URL in the address bar: `http://wiki.domain.com/My_Page.html**#Edit** `.</Wiki:Panel>', '', b'0'),
(45, 100, 13, 'Editing help', '<Wiki:NoParse>\n\nYou can use the following markup to enhance the look and functionality of pages:\n				\n## Links\n\nTo create a link to another wiki page, simply use `<Wiki:Link page="Name_of_the_target_page"/>`. To change the text of the link, use `<Wiki:Link page="Name_of_the_target_page">Alternative Text</Wiki:Link>`.\n\n## Formatting\n\n### Headlines\n\nUse `#` to create headlines - the more `#` the smaller the text:\n\n```\n# One for a level 1 headline\n## Two for a level 2 headline\n### Three for a level 3 headline\n#### Three for a level 4 headline\n##### Three for a level 5 headline\n###### Three for a level 6 headline\n```\n\n### Italic text\n\nUse `*` to create italics:\n\n`This text has *italics*.`  \nThis text has *italics*.\n\n### Bold text\n\nUse `**` to create bold text:\n\n`This text has **bold letters.**`  \nThis text has **bold letters.**\n\n### Line breaks\n\nA blank line automatically creates a new paragraph. To add a manual linebreak within a paragraph, add two spaces (`  `) at the end of a line and continue writing at the next line:\n\n```\nThis is the first paragraph.\n\nThis is the second paragraph.\nThis still belongs to the second paragraph and will be on the same line.\n\nThis is the third paragraph, and there are two spaces right here:  \nThis still belongs to the third paragraph and will be on a new line.\n```\n\nThis is the first paragraph.\n\nThis is the second paragraph.\nThis still belongs to the second paragraph and will be on the same line.\n\nThis is the third paragraph, and there are two spaces right here:  \nThis still belongs to the third paragraph and will be on a new line.\n\n## Presentation mode\n				\nIn **presentation mode** the focus is all on the content of your page. You can disable the navigation bar with `<Wiki:NoNavbar/>` and the headline (plus the separator below) with `<Wiki:NoHeadline>`.\n\n</Wiki:NoParse>\n\n<Wiki:Panel theme="warning" title="Tip">Deactivating the navigation bar also removes the link to the page editor. To edit a page you need to append `#Edit` to the URL in the address bar: `http://wiki.domain.com/My_Page.html#Edit`.</Wiki:Panel>', '', b'0'),
(46, 100, 13, 'Editing help', '<Wiki:NoParse>\n\nYou can use the following markup to enhance the look and functionality of pages:\n				\n## Links\n\nTo create a link to another wiki page, simply use `<Wiki:Link page="Name_of_the_target_page"/>`. To change the text of the link, use `<Wiki:Link page="Name_of_the_target_page">Alternative Text</Wiki:Link>`.\n\n## Formatting\n\n### Headlines\n\nUse `#` to create headlines - the more `#` the smaller the text:\n\n```\n# One for a level 1 headline\n## Two for a level 2 headline\n### Three for a level 3 headline\n#### Three for a level 4 headline\n##### Three for a level 5 headline\n###### Three for a level 6 headline\n```\n\n### Italic text\n\nUse `*` to create italics:\n\n`This text has *italics*.`  \nThis text has *italics*.\n\n### Bold text\n\nUse `**` to create bold text:\n\n`This text has **bold letters.**`  \nThis text has **bold letters.**\n\n### Line breaks\n\nA blank line automatically creates a new paragraph. To add a manual linebreak within a paragraph, add two spaces (`  `) at the end of a line and continue writing at the next line:\n\n```\nThis is the first paragraph.\n\nThis is the second paragraph.\nThis still belongs to the second paragraph and will be on the same line.\n\nThis is the third paragraph, and there are two spaces right here:  \nThis still belongs to the third paragraph and will be on a new line.\n```\n\nThis is the first paragraph.\n\nThis is the second paragraph.\nThis still belongs to the second paragraph and will be on the same line.\n\nThis is the third paragraph, and there are two spaces right here:  \nThis still belongs to the third paragraph and will be on a new line.\n\n## Bootstrap components\n\nThe following options use components of the Twitter Bootstrap framework.\n\n### Icons\n\n`<Wiki:Icon name="plus">`\n<Wiki:Label theme="default"><Wiki:Icon name="plus"/></Wiki:Label>\n\n## Presentation mode\n				\nIn **presentation mode** the focus is all on the content of your page. You can disable the navigation bar with `<Wiki:NoNavbar/>` and the headline (plus the separator below) with `<Wiki:NoHeadline>`.\n\n</Wiki:NoParse>\n\n<Wiki:Panel theme="warning" title="Tip">Deactivating the navigation bar also removes the link to the page editor. To edit a page you need to append `#Edit` to the URL in the address bar: `http://wiki.domain.com/My_Page.html#Edit`.</Wiki:Panel>', '', b'0'),
(47, 100, 13, 'Editing help', '<Wiki:NoParse>\n\nYou can use the following markup to enhance the look and functionality of pages:\n				\n## Links\n\nTo create a link to another wiki page, simply use `<Wiki:Link page="Name_of_the_target_page"/>`. To change the text of the link, use `<Wiki:Link page="Name_of_the_target_page">Alternative Text</Wiki:Link>`.\n\n## Formatting\n\n### Headlines\n\nUse `#` to create headlines - the more `#` the smaller the text:\n\n```\n# One for a level 1 headline\n## Two for a level 2 headline\n### Three for a level 3 headline\n#### Three for a level 4 headline\n##### Three for a level 5 headline\n###### Three for a level 6 headline\n```\n\n### Italic text\n\nUse `*` to create italics:\n\n`This text has *italics*.`  \nThis text has *italics*.\n\n### Bold text\n\nUse `**` to create bold text:\n\n`This text has **bold letters.**`  \nThis text has **bold letters.**\n\n### Line breaks\n\nA blank line automatically creates a new paragraph. To add a manual linebreak within a paragraph, add two spaces (`  `) at the end of a line and continue writing at the next line:\n\n```\nThis is the first paragraph.\n\nThis is the second paragraph.\nThis still belongs to the second paragraph and will be on the same line.\n\nThis is the third paragraph, and there are two spaces right here:  \nThis still belongs to the third paragraph and will be on a new line.\n```\n\nThis is the first paragraph.\n\nThis is the second paragraph.\nThis still belongs to the second paragraph and will be on the same line.\n\nThis is the third paragraph, and there are two spaces right here:  \nThis still belongs to the third paragraph and will be on a new line.\n\n## Bootstrap components\n\nThe following options use components of the Twitter Bootstrap framework.\n\n### Icons\n\n`<Wiki:Icon name="plus">`\n<Wiki:Label theme="default"><Wiki:Icon name="plus"/> A plus icon on a label</Wiki:Label>\n\n## Presentation mode\n				\nIn **presentation mode** the focus is all on the content of your page. You can disable the navigation bar with `<Wiki:NoNavbar/>` and the headline (plus the separator below) with `<Wiki:NoHeadline>`.\n\n</Wiki:NoParse>\n\n<Wiki:Panel theme="warning" title="Tip">Deactivating the navigation bar also removes the link to the page editor. To edit a page you need to append `#Edit` to the URL in the address bar: `http://wiki.domain.com/My_Page.html#Edit`.</Wiki:Panel>', '', b'0'),
(48, 100, 13, 'Editing help', '<Wiki:NoParse>\n\nYou can use the following markup to enhance the look and functionality of pages:\n				\n## Links\n\nTo create a link to another wiki page, simply use `<Wiki:Link page="Name_of_the_target_page"/>`. To change the text of the link, use `<Wiki:Link page="Name_of_the_target_page">Alternative Text</Wiki:Link>`.\n\n## Formatting\n\n### Headlines\n\nUse `#` to create headlines - the more `#` the smaller the text:\n\n```\n# One for a level 1 headline\n## Two for a level 2 headline\n### Three for a level 3 headline\n#### Three for a level 4 headline\n##### Three for a level 5 headline\n###### Three for a level 6 headline\n```\n\n### Italic text\n\nUse `*` to create italics:\n\n`This text has *italics*.`  \nThis text has *italics*.\n\n### Bold text\n\nUse `**` to create bold text:\n\n`This text has **bold letters.**`  \nThis text has **bold letters.**\n\n### Line breaks\n\nA blank line automatically creates a new paragraph. To add a manual linebreak within a paragraph, add two spaces (`  `) at the end of a line and continue writing at the next line:\n\n```\nThis is the first paragraph.\n\nThis is the second paragraph.\nThis still belongs to the second paragraph and will be on the same line.\n\nThis is the third paragraph, and there are two spaces right here:  \nThis still belongs to the third paragraph and will be on a new line.\n```\n\nThis is the first paragraph.\n\nThis is the second paragraph.\nThis still belongs to the second paragraph and will be on the same line.\n\nThis is the third paragraph, and there are two spaces right here:  \nThis still belongs to the third paragraph and will be on a new line.\n\n## Bootstrap components\n\nThe following options use components of the Twitter Bootstrap framework.\n\n### Icons\n\n`<Wiki:Icon name="plus"/>`\n<Wiki:Label theme="default"><Wiki:Icon name="plus"/> A plus icon on a label</Wiki:Label>\n\n## Presentation mode\n				\nIn **presentation mode** the focus is all on the content of your page. You can disable the navigation bar with `<Wiki:NoNavbar/>` and the headline (plus the separator below) with `<Wiki:NoHeadline>`.\n\n</Wiki:NoParse>\n\n<Wiki:Panel theme="warning" title="Tip">Deactivating the navigation bar also removes the link to the page editor. To edit a page you need to append `#Edit` to the URL in the address bar: `http://wiki.domain.com/My_Page.html#Edit`.</Wiki:Panel>\n\n## Scripting\n\nIt is also possible to use PHP code inside a page. Simply wrap your script inside `<?php` (`<?` does not work here!) and `?>`.\n\n<Wiki:Panel theme="danger" title="Warning">If a single script block is found inside a page the renderer will remodel the whole page to be wrapped as a script. This means that the code you see in the composer is not necessarily the same code that will be executed!</Wiki:Panel>\n\nFor example, the following script:\n\n<Wiki:NoParse>\n```\nThis is a page with a "script" inside. <?php $text = "Hello world!"; ?> Regular text continues here. <?php echo $text; %>\n```\n</Wiki:NoParse>\n\nwill be converted to:\n\n<Wiki:NoParse>\n```\n<?php echo "This is a page with a \\"script\\" inside."; $text = "Hello world!"; echo "Regular text continues here."; echo $text; ?>\n```\n</Wiki:NoParse>', '', b'0'),
(49, 100, 13, 'Editing help', 'You can use the following markup to enhance the look and functionality of pages:\n				\n## Links\n\nTo create a link to another wiki page, simply use `<Wiki:Link page="Name_of_the_target_page"/>`. To change the text of the link, use `<Wiki:Link page="Name_of_the_target_page">Alternative Text</Wiki:Link>`.\n\n## Formatting\n\n### Headlines\n\nUse `#` to create headlines - the more `#` the smaller the text:\n\n```\n# One for a level 1 headline\n## Two for a level 2 headline\n### Three for a level 3 headline\n#### Three for a level 4 headline\n##### Three for a level 5 headline\n###### Three for a level 6 headline\n```\n\n### Italic text\n\nUse `*` to create italics:\n\n`This text has *italics*.`  \nThis text has *italics*.\n\n### Bold text\n\nUse `**` to create bold text:\n\n`This text has **bold letters.**`  \nThis text has **bold letters.**\n\n### Line breaks\n\nA blank line automatically creates a new paragraph. To add a manual linebreak within a paragraph, add two spaces (`  `) at the end of a line and continue writing at the next line:\n\n```\nThis is the first paragraph.\n\nThis is the second paragraph.\nThis still belongs to the second paragraph and will be on the same line.\n\nThis is the third paragraph, and there are two spaces right here:  \nThis still belongs to the third paragraph and will be on a new line.\n```\n\nThis is the first paragraph.\n\nThis is the second paragraph.\nThis still belongs to the second paragraph and will be on the same line.\n\nThis is the third paragraph, and there are two spaces right here:  \nThis still belongs to the third paragraph and will be on a new line.\n\n## Bootstrap components\n\nThe following options use components of the Twitter Bootstrap framework.\n\n### Icons\n\n`<Wiki:Icon name="plus"/>`\n<Wiki:Label theme="default"><Wiki:Icon name="plus"/> A plus icon on a label</Wiki:Label>\n\n## Presentation mode\n				\nIn **presentation mode** the focus is all on the content of your page. You can disable the navigation bar with `<Wiki:NoNavbar/>` and the headline (plus the separator below) with `<Wiki:NoHeadline/>`.\n\n<Wiki:Panel theme="warning" title="Tip">Deactivating the navigation bar also removes the link to the page editor. To edit a page you need to append `#Edit` to the URL in the address bar: `http://wiki.domain.com/My_Page.html#Edit`.</Wiki:Panel>\n\n## Scripting\n\nIt is also possible to use PHP code inside a page. Simply wrap your script inside `<?php` (`<?` does not work here!) and `?>`.\n\n<Wiki:Panel theme="danger" title="Warning">If a single script block is found inside a page the renderer will remodel the whole page to be wrapped as a script. This means that the code you see in the composer is not necessarily the same code that will be executed!</Wiki:Panel>\n\nFor example, the following script:\n\n<Wiki:NoParse>\n```\nThis is a page with a "script" inside. <?php $text = "Hello world!"; ?> Regular text continues here. <?php echo $text; %>\n```\n</Wiki:NoParse>\n\nwill be converted to:\n\n<Wiki:NoParse>\n```\n<?php echo "This is a page with a \\"script\\" inside."; $text = "Hello world!"; echo "Regular text continues here."; echo $text; ?>\n```\n</Wiki:NoParse>', '', b'0'),
(50, 100, 13, 'Editing help', 'You can use the following markup to enhance the look and functionality of pages:\n				\n## Links\n\nTo create a link to another wiki page, simply use `<Wiki:Link page="Name_of_the_target_page"/>`. To change the text of the link, use `<Wiki:Link page="Name_of_the_target_page">Alternative Text</Wiki:Link>`.\n\n## Formatting\n\n### Headlines\n\nUse `#` to create headlines - the more `#` the smaller the text:\n\n```\n# One for a level 1 headline\n## Two for a level 2 headline\n### Three for a level 3 headline\n#### Three for a level 4 headline\n##### Three for a level 5 headline\n###### Three for a level 6 headline\n```\n\n### Italic text\n\nUse `*` to create italics:\n\n`This text has *italics*.`  \nThis text has *italics*.\n\n### Bold text\n\nUse `**` to create bold text:\n\n`This text has **bold letters.**`  \nThis text has **bold letters.**\n\n### Line breaks\n\nA blank line automatically creates a new paragraph. To add a manual linebreak within a paragraph, add two spaces (`  `) at the end of a line and continue writing at the next line:\n\n```\nThis is the first paragraph.\n\nThis is the second paragraph.\nThis still belongs to the second paragraph and will be on the same line.\n\nThis is the third paragraph, and there are two spaces right here:  \nThis still belongs to the third paragraph and will be on a new line.\n```\n\nThis is the first paragraph.\n\nThis is the second paragraph.\nThis still belongs to the second paragraph and will be on the same line.\n\nThis is the third paragraph, and there are two spaces right here:  \nThis still belongs to the third paragraph and will be on a new line.\n\n## Bootstrap components\n\nThe following options use components of the Twitter Bootstrap framework.\n\n### Icons\n\n`<Wiki:Icon name="plus"/>`\n<Wiki:Label theme="default"><Wiki:Icon name="plus"/> A plus icon on a label</Wiki:Label>\n\n## Presentation mode\n				\nIn **presentation mode** the focus is all on the content of your page. You can disable the navigation bar with <Wiki:NoParse>`<Wiki:NoNavbar/>`</Wiki:NoParse> and the headline (plus the separator below) with `<Wiki:NoHeadline/>`.\n\n<Wiki:Panel theme="warning" title="Tip">Deactivating the navigation bar also removes the link to the page editor. To edit a page you need to append `#Edit` to the URL in the address bar: `http://wiki.domain.com/My_Page.html#Edit`.</Wiki:Panel>\n\n## Scripting\n\nIt is also possible to use PHP code inside a page. Simply wrap your script inside `<?php` (`<?` does not work here!) and `?>`.\n\n<Wiki:Panel theme="danger" title="Warning">If a single script block is found inside a page the renderer will remodel the whole page to be wrapped as a script. This means that the code you see in the composer is not necessarily the same code that will be executed!</Wiki:Panel>\n\nFor example, the following script:\n\n<Wiki:NoParse>\n```\nThis is a page with a "script" inside. <?php $text = "Hello world!"; ?> Regular text continues here. <?php echo $text; %>\n```\n</Wiki:NoParse>\n\nwill be converted to:\n\n<Wiki:NoParse>\n```\n<?php echo "This is a page with a \\"script\\" inside."; $text = "Hello world!"; echo "Regular text continues here."; echo $text; ?>\n```\n</Wiki:NoParse>', '', b'0'),
(51, 100, 13, 'Editing help', 'You can use the following markup to enhance the look and functionality of pages:\n				\n## Links\n\nTo create a link to another wiki page, simply use `<Wiki:Link page="Name_of_the_target_page"/>`. To change the text of the link, use `<Wiki:Link page="Name_of_the_target_page">Alternative Text</Wiki:Link>`.\n\n## Formatting\n\n### Headlines\n\nUse `#` to create headlines - the more `#` the smaller the text:\n\n```\n# One for a level 1 headline\n## Two for a level 2 headline\n### Three for a level 3 headline\n#### Three for a level 4 headline\n##### Three for a level 5 headline\n###### Three for a level 6 headline\n```\n\n### Italic text\n\nUse `*` to create italics:\n\n`This text has *italics*.`  \nThis text has *italics*.\n\n### Bold text\n\nUse `**` to create bold text:\n\n`This text has **bold letters.**`  \nThis text has **bold letters.**\n\n### Line breaks\n\nA blank line automatically creates a new paragraph. To add a manual linebreak within a paragraph, add two spaces (`  `) at the end of a line and continue writing at the next line:\n\n```\nThis is the first paragraph.\n\nThis is the second paragraph.\nThis still belongs to the second paragraph and will be on the same line.\n\nThis is the third paragraph, and there are two spaces right here:  \nThis still belongs to the third paragraph and will be on a new line.\n```\n\nThis is the first paragraph.\n\nThis is the second paragraph.\nThis still belongs to the second paragraph and will be on the same line.\n\nThis is the third paragraph, and there are two spaces right here:  \nThis still belongs to the third paragraph and will be on a new line.\n\n## Bootstrap components\n\nThe following options use components of the Twitter Bootstrap framework.\n\n### Icons\n\n`<Wiki:Icon name="plus"/>`\n<Wiki:Label theme="default"><Wiki:Icon name="plus"/> A plus icon on a label</Wiki:Label>\n\n## Presentation mode\n				\nIn **presentation mode** the focus is all on the content of your page. You can disable the navigation bar with <Wiki:NoParse>`<Wiki:NoNavbar/>`</Wiki:NoParse> and the headline (plus the separator below) with <Wiki:NoParse>`<Wiki:NoHeadline/>`</Wiki:NoParse>.\n\n<Wiki:Panel theme="warning" title="Tip">Deactivating the navigation bar also removes the link to the page editor. To edit a page you need to append `#Edit` to the URL in the address bar: `http://wiki.domain.com/My_Page.html#Edit`.</Wiki:Panel>\n\n## Scripting\n\nIt is also possible to use PHP code inside a page. Simply wrap your script inside `<?php` (`<?` does not work here!) and `?>`.\n\n<Wiki:Panel theme="danger" title="Warning">If a single script block is found inside a page the renderer will remodel the whole page to be wrapped as a script. This means that the code you see in the composer is not necessarily the same code that will be executed!</Wiki:Panel>\n\nFor example, the following script:\n\n<Wiki:NoParse>\n```\nThis is a page with a "script" inside. <?php $text = "Hello world!"; ?> Regular text continues here. <?php echo $text; %>\n```\n</Wiki:NoParse>\n\nwill be converted to:\n\n<Wiki:NoParse>\n```\n<?php echo "This is a page with a \\"script\\" inside."; $text = "Hello world!"; echo "Regular text continues here."; echo $text; ?>\n```\n</Wiki:NoParse>', '', b'0'),
(52, 100, 13, 'Editing help', 'You can use the following markup to enhance the look and functionality of pages:\n				\n## Links\n\nTo create a link to another wiki page, simply use `<Wiki:Link page="Name_of_the_target_page"/>`. To change the text of the link, use `<Wiki:Link page="Name_of_the_target_page">Alternative Text</Wiki:Link>`.\n\n## Formatting\n\n### Headlines\n\nUse `#` to create headlines - the more `#` the smaller the text:\n\n```\n# One for a level 1 headline\n## Two for a level 2 headline\n### Three for a level 3 headline\n#### Three for a level 4 headline\n##### Three for a level 5 headline\n###### Three for a level 6 headline\n```\n\n### Italic text\n\nUse `*` to create italics:\n\n`This text has *italics*.`  \nThis text has *italics*.\n\n### Bold text\n\nUse `**` to create bold text:\n\n`This text has **bold letters.**`  \nThis text has **bold letters.**\n\n### Line breaks\n\nA blank line automatically creates a new paragraph. To add a manual linebreak within a paragraph, add two spaces (`  `) at the end of a line and continue writing at the next line:\n\n```\nThis is the first paragraph.\n\nThis is the second paragraph.\nThis still belongs to the second paragraph and will be on the same line.\n\nThis is the third paragraph, and there are two spaces right here:  \nThis still belongs to the third paragraph and will be on a new line.\n```\n\nThis is the first paragraph.\n\nThis is the second paragraph.\nThis still belongs to the second paragraph and will be on the same line.\n\nThis is the third paragraph, and there are two spaces right here:  \nThis still belongs to the third paragraph and will be on a new line.\n\n## Bootstrap components\n\nThe following options use components of the Twitter Bootstrap framework.\n\n### Icons\n\n`<Wiki:Icon name="plus"/>`\n<Wiki:Label theme="default"><Wiki:Icon name="plus"/> A plus icon on a label</Wiki:Label>\n\n## Presentation mode\n				\nIn **presentation mode** the focus is all on the content of your page. You can disable the navigation bar with <Wiki:NoParse>`<Wiki:NoNavbar/>`</Wiki:NoParse> and the headline (plus the separator below) with <Wiki:NoParse>`<Wiki:NoHeadline/>`</Wiki:NoParse>.\n\n<Wiki:Panel theme="warning" title="Tip">Deactivating the navigation bar also removes the link to the page editor. To edit a page you need to append `#Edit` to the URL in the address bar: `http://wiki.domain.com/My_Page.html#Edit`.</Wiki:Panel>\n\n## Scripting\n\nIt is also possible to use PHP code inside a page. Simply wrap your script inside `<?php` (`<?` does not work here!) and `?>`.\n\n<Wiki:Panel theme="danger" title="Warning">If a single script block is found inside a page the renderer will remodel the whole page to be wrapped as a script. This means that the code you see in the composer is not necessarily the same code that will be executed!</Wiki:Panel>\n\nFor example, the following script:\n\n<Wiki:NoParse>\n```\nThis is a page with a "script" inside. <?php $text = "Hello world!"; ?> Regular text continues here. <?php echo $text; %>\n```\n</Wiki:NoParse>\n\nwill be converted to:\n\n<Wiki:NoParse>\n```\n<?php echo "This is a page with a \\"script\\" inside."; $text = "Hello world!"; echo "Regular text continues here."; echo $text; ?>\n```\n</Wiki:NoParse>\n\nThis does not change the output of the content - both scripts print `This is a page with a "script" inside. Regular text continues here. Hello world!`.', '', b'0'),
(53, 100, 13, 'Editing help', 'You can use the following markup to enhance the look and functionality of pages:\n				\n## Links\n\n<Wiki:NoParse>\nTo create a link to another wiki page, simply use `<Wiki:Link page="Name_of_the_target_page"/>`. To change the text of the link, use `<Wiki:Link page="Name_of_the_target_page">Alternative Text</Wiki:Link>`.\n</Wiki:NoParse>\n\n## Formatting\n\n### Headlines\n\nUse `#` to create headlines - the more `#` the smaller the text:\n\n```\n# One for a level 1 headline\n## Two for a level 2 headline\n### Three for a level 3 headline\n#### Three for a level 4 headline\n##### Three for a level 5 headline\n###### Three for a level 6 headline\n```\n\n### Italic text\n\nUse `*` to create italics:\n\n`This text has *italics*.`  \nThis text has *italics*.\n\n### Bold text\n\nUse `**` to create bold text:\n\n`This text has **bold letters.**`  \nThis text has **bold letters.**\n\n### Line breaks\n\nA blank line automatically creates a new paragraph. To add a manual linebreak within a paragraph, add two spaces (`  `) at the end of a line and continue writing at the next line:\n\n```\nThis is the first paragraph.\n\nThis is the second paragraph.\nThis still belongs to the second paragraph and will be on the same line.\n\nThis is the third paragraph, and there are two spaces right here:  \nThis still belongs to the third paragraph and will be on a new line.\n```\n\nThis is the first paragraph.\n\nThis is the second paragraph.\nThis still belongs to the second paragraph and will be on the same line.\n\nThis is the third paragraph, and there are two spaces right here:  \nThis still belongs to the third paragraph and will be on a new line.\n\n## Bootstrap components\n\nThe following options use components of the Twitter Bootstrap framework.\n\n### Icons\n\n`<Wiki:Icon name="plus"/>`\n<Wiki:Label theme="default"><Wiki:Icon name="plus"/> A plus icon on a label</Wiki:Label>\n\n## Presentation mode\n				\nIn **presentation mode** the focus is all on the content of your page. You can disable the navigation bar with <Wiki:NoParse>`<Wiki:NoNavbar/>`</Wiki:NoParse> and the headline (plus the separator below) with <Wiki:NoParse>`<Wiki:NoHeadline/>`</Wiki:NoParse>.\n\n<Wiki:Panel theme="warning" title="Tip">Deactivating the navigation bar also removes the link to the page editor. To edit a page you need to append `#Edit` to the URL in the address bar: `http://wiki.domain.com/My_Page.html#Edit`.</Wiki:Panel>\n\n## Scripting\n\nIt is also possible to use PHP code inside a page. Simply wrap your script inside `<?php` (`<?` does not work here!) and `?>`.\n\n<Wiki:Panel theme="danger" title="Warning">If a single script block is found inside a page the renderer will remodel the whole page to be wrapped as a script. This means that the code you see in the composer is not necessarily the same code that will be executed!</Wiki:Panel>\n\nFor example, the following script:\n\n<Wiki:NoParse>\n```\nThis is a page with a "script" inside. <?php $text = "Hello world!"; ?> Regular text continues here. <?php echo $text; %>\n```\n</Wiki:NoParse>\n\nwill be converted to:\n\n<Wiki:NoParse>\n```\n<?php echo "This is a page with a \\"script\\" inside."; $text = "Hello world!"; echo "Regular text continues here."; echo $text; ?>\n```\n</Wiki:NoParse>\n\nThis does not change the output of the content - both scripts print `This is a page with a "script" inside. Regular text continues here. Hello world!`.', '', b'0'),
(54, 100, 13, 'Editing help', 'You can use the following markup to enhance the look and functionality of pages:\n				\n## Links\n\n<Wiki:NoParse>\nTo create a link to another wiki page, simply use `<Wiki:Link page="Name_of_the_target_page"/>`. To change the text of the link, use `<Wiki:Link page="Name_of_the_target_page">Alternative Text</Wiki:Link>`.\n</Wiki:NoParse>\n\n## Formatting\n\n### Headlines\n\nUse `#` to create headlines - the more `#` the smaller the text:\n\n```\n# One for a level 1 headline\n## Two for a level 2 headline\n### Three for a level 3 headline\n#### Three for a level 4 headline\n##### Three for a level 5 headline\n###### Three for a level 6 headline\n```\n\n### Italic text\n\nUse `*` to create italics:\n\n`This text has *italics*.`  \nThis text has *italics*.\n\n### Bold text\n\nUse `**` to create bold text:\n\n`This text has **bold letters.**`  \nThis text has **bold letters.**\n\n### Line breaks\n\nA blank line automatically creates a new paragraph. To add a manual linebreak within a paragraph, add two spaces (`  `) at the end of a line and continue writing at the next line:\n\n```\nThis is the first paragraph.\n\nThis is the second paragraph.\nThis still belongs to the second paragraph and will be on the same line.\n\nThis is the third paragraph, and there are two spaces right here:  \nThis still belongs to the third paragraph and will be on a new line.\n```\n\nThis is the first paragraph.\n\nThis is the second paragraph.\nThis still belongs to the second paragraph and will be on the same line.\n\nThis is the third paragraph, and there are two spaces right here:  \nThis still belongs to the third paragraph and will be on a new line.\n\n### Deactivate page renderer\n\nYou can temporarily deactivate the page renderer with <Wiki:NoParse>`<Wiki:NoParse>Text that will not be touched</Wiki:NoParse>`</Wiki:NoParse>. However, this only deactivates the page renderer, not the Markdown converter.\n\n## Bootstrap components\n\nThe following options use components of the Twitter Bootstrap framework.\n\n### Icons\n\n<Wiki:NoParse>`<Wiki:Icon name="plus"/>`</Wiki:NoParse>\n<Wiki:Label theme="default"><Wiki:Icon name="plus"/> A plus icon on a label</Wiki:Label>\n\n## Presentation mode\n				\nIn **presentation mode** the focus is all on the content of your page. You can disable the navigation bar with <Wiki:NoParse>`<Wiki:NoNavbar/>`</Wiki:NoParse> and the headline (plus the separator below) with <Wiki:NoParse>`<Wiki:NoHeadline/>`</Wiki:NoParse>.\n\n<Wiki:Panel theme="warning" title="Tip">Deactivating the navigation bar also removes the link to the page editor. To edit a page you need to append `#Edit` to the URL in the address bar: `http://wiki.domain.com/My_Page.html#Edit`.</Wiki:Panel>\n\n## Scripting\n\nIt is also possible to use PHP code inside a page. Simply wrap your script inside `<?php` (`<?` does not work here!) and `?>`.\n\n<Wiki:Panel theme="danger" title="Warning">If a single script block is found inside a page the renderer will remodel the whole page to be wrapped as a script. This means that the code you see in the composer is not necessarily the same code that will be executed!</Wiki:Panel>\n\nFor example, the following script:\n\n<Wiki:NoParse>\n```\nThis is a page with a "script" inside. <?php $text = "Hello world!"; ?> Regular text continues here. <?php echo $text; %>\n```\n</Wiki:NoParse>\n\nwill be converted to:\n\n<Wiki:NoParse>\n```\n<?php echo "This is a page with a \\"script\\" inside."; $text = "Hello world!"; echo "Regular text continues here."; echo $text; ?>\n```\n</Wiki:NoParse>\n\nThis does not change the output of the content - both scripts print `This is a page with a "script" inside. Regular text continues here. Hello world!`.', '', b'0'),
(55, 100, 13, 'Editing help', 'You can use the following markup to enhance the look and functionality of pages:\n				\n## Links\n\n<Wiki:NoParse>\nTo create a link to another wiki page, simply use `<Wiki:Link page="Name_of_the_target_page"/>`. To change the text of the link, use `<Wiki:Link page="Name_of_the_target_page">Alternative Text</Wiki:Link>`.\n</Wiki:NoParse>\n\n## Formatting\n\n### Headlines\n\nUse `#` to create headlines - the more `#` the smaller the text:\n\n```\n# One for a level 1 headline\n## Two for a level 2 headline\n### Three for a level 3 headline\n#### Three for a level 4 headline\n##### Three for a level 5 headline\n###### Three for a level 6 headline\n```\n\n### Italic text\n\nUse `*` to create italics:\n\n`This text has *italics*.`  \nThis text has *italics*.\n\n### Bold text\n\nUse `**` to create bold text:\n\n`This text has **bold letters.**`  \nThis text has **bold letters.**\n\n### Line breaks\n\nA blank line automatically creates a new paragraph. To add a manual linebreak within a paragraph, add two spaces (`  `) at the end of a line and continue writing at the next line:\n\n```\nThis is the first paragraph.\n\nThis is the second paragraph.\nThis still belongs to the second paragraph and will be on the same line.\n\nThis is the third paragraph, and there are two spaces right here:  \nThis still belongs to the third paragraph and will be on a new line.\n```\n\nThis is the first paragraph.\n\nThis is the second paragraph.\nThis still belongs to the second paragraph and will be on the same line.\n\nThis is the third paragraph, and there are two spaces right here:  \nThis still belongs to the third paragraph and will be on a new line.\n\n### Deactivate page renderer\n\nYou can temporarily deactivate the page renderer with <Wiki:NoParse>`<Wiki:NoParse>Text that will not be touched</Wiki:NoParse&#160;>`</Wiki:NoParse>. However, this only deactivates the page renderer, not the Markdown converter.\n\n## Bootstrap components\n\nThe following options use components of the Twitter Bootstrap framework.\n\n### Icons\n\n<Wiki:NoParse>`<Wiki:Icon name="plus"/>`</Wiki:NoParse>\n<Wiki:Label theme="default"><Wiki:Icon name="plus"/> A plus icon on a label</Wiki:Label>\n\n## Presentation mode\n				\nIn **presentation mode** the focus is all on the content of your page. You can disable the navigation bar with <Wiki:NoParse>`<Wiki:NoNavbar/>`</Wiki:NoParse> and the headline (plus the separator below) with <Wiki:NoParse>`<Wiki:NoHeadline/>`</Wiki:NoParse>.\n\n<Wiki:Panel theme="warning" title="Tip">Deactivating the navigation bar also removes the link to the page editor. To edit a page you need to append `#Edit` to the URL in the address bar: `http://wiki.domain.com/My_Page.html#Edit`.</Wiki:Panel>\n\n## Scripting\n\nIt is also possible to use PHP code inside a page. Simply wrap your script inside `<?php` (`<?` does not work here!) and `?>`.\n\n<Wiki:Panel theme="danger" title="Warning">If a single script block is found inside a page the renderer will remodel the whole page to be wrapped as a script. This means that the code you see in the composer is not necessarily the same code that will be executed!</Wiki:Panel>\n\nFor example, the following script:\n\n<Wiki:NoParse>\n```\nThis is a page with a "script" inside. <?php $text = "Hello world!"; ?> Regular text continues here. <?php echo $text; %>\n```\n</Wiki:NoParse>\n\nwill be converted to:\n\n<Wiki:NoParse>\n```\n<?php echo "This is a page with a \\"script\\" inside."; $text = "Hello world!"; echo "Regular text continues here."; echo $text; ?>\n```\n</Wiki:NoParse>\n\nThis does not change the output of the content - both scripts print `This is a page with a "script" inside. Regular text continues here. Hello world!`.', '', b'0');
INSERT INTO `version` (`version_id`, `status`, `page_id`, `title`, `content`, `summary`, `minor_edit`) VALUES
(56, 100, 13, 'Editing help', 'You can use the following markup to enhance the look and functionality of pages:\n				\n## Links\n\n<Wiki:NoParse>\nTo create a link to another wiki page, simply use `<Wiki:Link page="Name_of_the_target_page"/>`. To change the text of the link, use `<Wiki:Link page="Name_of_the_target_page">Alternative Text</Wiki:Link>`.\n</Wiki:NoParse>\n\n## Formatting\n\nMost formatting can be done using either Markdown or pure HTML:\n\n### Headlines\n\nUse `#` to create headlines - the more `#` the smaller the text:\n\n```\n# One for a level 1 headline\n## Two for a level 2 headline\n### Three for a level 3 headline\n#### Three for a level 4 headline\n##### Three for a level 5 headline\n###### Three for a level 6 headline\n```\n\n### Italic text\n\nUse `*` to create italics:\n\n`This text has *italics*.`  \nThis text has *italics*.\n\n### Bold text\n\nUse `**` to create bold text:\n\n`This text has **bold letters.**`  \nThis text has **bold letters.**\n\n### Line breaks\n\nA blank line automatically creates a new paragraph. To add a manual linebreak within a paragraph, add two spaces (`  `) at the end of a line and continue writing at the next line:\n\n```\nThis is the first paragraph.\n\nThis is the second paragraph.\nThis still belongs to the second paragraph and will be on the same line.\n\nThis is the third paragraph, and there are two spaces right here:  \nThis still belongs to the third paragraph and will be on a new line.\n```\n\nThis is the first paragraph.\n\nThis is the second paragraph.\nThis still belongs to the second paragraph and will be on the same line.\n\nThis is the third paragraph, and there are two spaces right here:  \nThis still belongs to the third paragraph and will be on a new line.\n\n### Deactivate page renderer\n\nYou can temporarily deactivate the page renderer with <Wiki:NoParse>`<Wiki:NoParse>Text that will not be touched</Wiki;NoParse>`</Wiki:NoParse>. However, this only deactivates the page renderer, not the Markdown converter.\n\n## Bootstrap components\n\nThe following options use components of the Twitter Bootstrap framework.\n\n### Icons\n\n<Wiki:NoParse>`<Wiki:Icon name="plus"/>`</Wiki:NoParse>\n<Wiki:Label theme="default"><Wiki:Icon name="plus"/> A plus icon on a label</Wiki:Label>\n\n### Panels\n\n## Presentation mode\n				\nIn **presentation mode** the focus is all on the content of your page. You can disable the navigation bar with <Wiki:NoParse>`<Wiki:NoNavbar/>`</Wiki:NoParse> and the headline (plus the separator below) with <Wiki:NoParse>`<Wiki:NoHeadline/>`</Wiki:NoParse>.\n\n<Wiki:Panel theme="warning" title="Tip">Deactivating the navigation bar also removes the link to the page editor. To edit a page you need to append `#Edit` to the URL in the address bar: `http://wiki.domain.com/My_Page.html#Edit`.</Wiki:Panel>\n\n## Scripting\n\nIt is also possible to use PHP code inside a page. Simply wrap your script inside `<?php` (`<?` does not work here!) and `?>`.\n\n<Wiki:Panel theme="danger" title="Warning">If a single script block is found inside a page the renderer will remodel the whole page to be wrapped as a script. This means that the code you see in the composer is not necessarily the same code that will be executed!</Wiki:Panel>\n\nFor example, the following script:\n\n<Wiki:NoParse>\n```\nThis is a page with a "script" inside. <?php $text = "Hello world!"; ?> Regular text continues here. <?php echo $text; %>\n```\n</Wiki:NoParse>\n\nwill be converted to:\n\n<Wiki:NoParse>\n```\n<?php echo "This is a page with a \\"script\\" inside."; $text = "Hello world!"; echo "Regular text continues here."; echo $text; ?>\n```\n</Wiki:NoParse>\n\nThis does not change the output of the content - both scripts print `This is a page with a "script" inside. Regular text continues here. Hello world!`.', '', b'0');
